id,first_name,last_name,email
1,John,Doe,john.doe1@example.com
2,Jane,Smith,jane.smith2@example.com
3,Michael,Johnson,michael.johnson3@example.com
4,Emily,Brown,emily.brown4@example.com
5,David,Jones,david.jones5@example.com
6,Sarah,Miller,sarah.miller6@example.com
7,Daniel,Wilson,daniel.wilson7@example.com
8,Laura,Moore,laura.moore8@example.com
9,James,Taylor,james.taylor9@example.com
10,Olivia,Anderson,olivia.anderson10@example.com
11,Robert,Thomas,robert.thomas11@example.com
12,Emma,Jackson,emma.jackson12@example.com
13,William,White,william.white13@example.com
14,Ava,Harris,ava.harris14@example.com
15,Joseph,Martin,joseph.martin15@example.com
16,Sophia,Thompson,sophia.thompson16@example.com
17,Charles,Garcia,charles.garcia17@example.com
18,Isabella,Martinez,isabella.martinez18@example.com
19,Christopher,Robinson,christopher.robinson19@example.com
20,Mia,Clark,mia.clark20@example.com
21,Matthew,Rodriguez,matthew.rodriguez21@example.com
22,Amelia,Lewis,amelia.lewis22@example.com
23,Anthony,Lee,anthony.lee23@example.com
24,Charlotte,Walker,charlotte.walker24@example.com
25,Mark,Hall,mark.hall25@example.com
26,Harper,Allen,harper.allen26@example.com
27,Paul,Young,paul.young27@example.com
28,Evelyn,King,evelyn.king28@example.com
29,Steven,Wright,steven.wright29@example.com
30,Abigail,Scott,abigail.scott30@example.com
31,Andrew,Torres,andrew.torres31@example.com
32,Emily,Nguyen,emily.nguyen32@example.com
33,Joshua,Hill,joshua.hill33@example.com
34,Elizabeth,Adams,elizabeth.adams34@example.com
35,Kevin,Baker,kevin.baker35@example.com
36,Sofia,Gonzalez,sofia.gonzalez36@example.com
37,Brian,Nelson,brian.nelson37@example.com
38,Avery,Carter,avery.carter38@example.com
39,Justin,Mitchell,justin.mitchell39@example.com
40,Ella,Perez,ella.perez40@example.com
41,Aaron,Roberts,aaron.roberts41@example.com
42,Scarlett,Turner,scarlett.turner42@example.com
43,Jason,Phillips,jason.phillips43@example.com
44,Grace,Campbell,grace.campbell44@example.com
45,Ryan,Parker,ryan.parker45@example.com
46,Chloe,Evans,chloe.evans46@example.com
47,Nathan,Edwards,nathan.edwards47@example.com
48,Victoria,Collins,victoria.collins48@example.com
49,Eric,Stewart,eric.stewart49@example.com
50,Lily,Sanchez,lily.sanchez50@example.com
51,Adam,Morris,adam.morris51@example.com
52,Hannah,Rogers,hannah.rogers52@example.com
53,Patrick,Reed,patrick.reed53@example.com
54,Nora,Cook,nora.cook54@example.com
55,Sean,Morgan, sean.morgan55@example.com
56,Zoey,Bell,zoey.bell56@example.com
57,Jeremy,Murphy,jeremy.murphy57@example.com
58,Penelope,Bailey,penelope.bailey58@example.com
59,Jonathan,Rivera,jonathan.rivera59@example.com
60,Riley,Cooper,riley.cooper60@example.com
61,Timothy,Richardson,timothy.richardson61@example.com
62,Leah,Cox,leah.cox62@example.com
63,Gregory,Howard,gregory.howard63@example.com
64,Aurora,Ward,aurora.ward64@example.com
65,Frank,Torres,frank.torres65@example.com
66,Samantha,Peterson,samantha.peterson66@example.com
67,Dennis,Gray,dennis.gray67@example.com
68,Aria,Ramirez,aria.ramirez68@example.com
69,Scott,James,scott.james69@example.com
70,Ellie,Watson,ellie.watson70@example.com
71,Raymond,Brooks,raymond.brooks71@example.com
72,Madison,Kelly,madison.kelly72@example.com
73,Peter,Sanders,peter.sanders73@example.com
74,Lucy,Price,lucy.price74@example.com
75,Henry,Bennett,henry.bennett75@example.com
76,Stella,Wood,stella.wood76@example.com
77,Douglas,Barnes,douglas.barnes77@example.com
78,Violet,Ross,violet.ross78@example.com
79,Victor,Henderson,victor.henderson79@example.com
80,Claire,Coleman,claire.coleman80@example.com
81,Alex,Jenkins,alex.jenkins81@example.com
82,Luna,Perry,luna.perry82@example.com
83,Jordan,Powell,jordan.powell83@example.com
84,Alice,Long,alice.long84@example.com
85,Christian,Patterson,christian.patterson85@example.com
86,Naomi,Hughes,naomi.hughes86@example.com
87,Brandon,Flores,brandon.flores87@example.com
88,Elena,Washington,elena.washington88@example.com
89,Keith,Butler,keith.butler89@example.com
90,Mila,Simmons,mila.simmons90@example.com
91,Harold,Foster,harold.foster91@example.com
92,Audrey,Gonzales,audrey.gonzales92@example.com
93,Ethan,Bryant,ethan.bryant93@example.com
94,Brooklyn,Alexander,brooklyn.alexander94@example.com
95,Carl,Russell,carl.russell95@example.com
96,Anna,Griffin,anna.griffin96@example.com
97,Oscar,Diaz,oscar.diaz97@example.com
98,Genesis,Hayes,genesis.hayes98@example.com
99,Philip,Myers,philip.myers99@example.com
100,Paige,Ford,paige.ford100@example.com
